{"nqwMl1a3SVCuRK1Z5JnK/g==":"rural-agrihub-logon.png","IY6FBo5NZbZOG8QaC0+Kig==":"lettus-farmer.jpeg","9L9EP5GYInKVebBHD1i6kA==":"cabage-2.jpg","i2iO9QK58q1x8cEM9dXZjg==":"farm-management.jpg","nHKwXpil0EG3ENOggqlwDw==":"lettus-farmers.jpeg","nPV/y/q+R6IqQO5HQW/mVA==":"lettus-farmer-1.jpeg","KJTSnms/aVJHgQWdeIcKRw==":"f9.jpg","tpmlBSJjC41QyBqPD+wmSg==":"f9.jpeg","ltb/KQyZIUsy/Bg/s40QDw==":"photo-1.jpg","doJjmRO/1+bsfbodGRfT8Q==":"f4.jpeg","ECBsllVA4PxAVQvcFaPIGw==":"director.jpeg","L/sBusOg8PjnWOronTcjEA==":"director-1.jpeg","os7G0h9LH7/j+PqUwC0Oaw==":"director-2.jpeg","y4wGKBUYFgFZdXNUM/nKGQ==":"director-3.jpeg","lKyeZ+avB8AegECGyetaCA==":"director-4.jpeg","NsLblnvO2myx3jQlwFTbFw==":"director-5.jpeg","TP6+bsBaMYFhKx5FB5TGNQ==":"director-6.jpeg","QII3thWMw3UFtUTqx6yuAw==":"director-7.jpeg","LYL7dIolrC/lshle1rOapQ==":"15275724-5592274.jpeg","9JGMWXd8TJcLs94PwRBp+w==":"retinal-biometrics-technology-with-man-s-eye-digital-remix.jpeg","3a680Cw8X7s5kmKckQlTVA==":"retinal-biometrics-technology-with-man-s-eye-digital-remix-1.jpeg","ohZO7sdEC2MZFHRewb45uA==":"retinal-biometrics-technology-with-man-s-eye-digital-remix-2.jpeg","Uc6FdN9vpi+squ1dG5AGFg==":"15275724-5592275.jpeg","n1pNjGh4w4kJl7ztKVo7ZQ==":"background6.jpg","n1dx+NZv3qks526xC0hZ5Q==":"background13.jpg","+WDEDJOaErsEIgDIFTyzXQ==":"f9-1.jpeg","jZdAUqK8Cb0+L79s7RzJcQ==":"services.png","/Vk1MK4db7fLWi4ZZVeeAw==":"okro-grid.jpg","VKeNuDh4QGZX5Wz6QsiknQ==":"lettus-farmer-2.jpeg","Imh9fPJFc8yLT9vQnxf47Q==":"lettus-farmer-3.jpeg","fr9TBPQgI+Juexyegwyj0w==":"lettus-farmer-4.jpeg","9KZLOVJTGriJZGKYo0XZXg==":"lettus-farmer-5.jpeg","wJ3FmS8wnQXrHbB0kGa7+w==":"value-chain.jpg","eVcoxSir0J9gu1/dDHeebg==":"finances.png","6sYedcpkLiiQIszZjLhSCQ==":"hajara-537x465.jpeg","mUj0L1PrPRQU+8zRNIsBIg==":"hajara-466x404.jpeg","s+4WxZaLX+Gzfbv1ianxEw==":"hajara-1-537x465.jpeg","GrgEb+Ah/Ol4qYylRI6C4Q==":"hajara-284x246.jpg","UwkuYgzAqqZSnyyl9jbmWw==":"hajara-284x246.jpeg","RaVoCbS/GdPPItXJHBfOsg==":"suuk-removebg-preview%20(1)-419x477.png","KcNjfFwtFF332RAArzgddw==":"suuk-removebg-preview%20(1)-419x477.png","6ltq2KwyQpykmYG/2FZV2A==":"mbr-1920x1275.jpg","SZ/9EFmcu0aU4qwMOLtYZA==":"maize_farmer-770x770.jpg","1v+HE+yc2qdhUuYG3xK6aQ==":"lettus_farmer-770x512.jpeg","/QwAoAyCVKEcKnXX3MUuAQ==":"finances-477x304.png","PZl7BoqA5QYbx7lcEuWuUA==":"rural-agrihub-logon-1.png","BdtT3KWLoJKaZrongm3YdQ==":"maize_farmer-770x770.jpeg","Z5esgcOju54M0NNEHj8ICQ==":"finances-1-477x304.png","KoKIQ/hsmmrD+x+7xP4+0g==":"finances-2-477x304.png","vZin947+dysB8SZrIrVszQ==":"finances-3-477x304.png","+sdYvLph2lPWSnJuvqTs9g==":"finances-4-477x304.png","07fiyTYNdLX84bT4ckL90g==":"value_chain-561x571.jpg","xJd4FUJ54WRkR9BMWGjQhw==":"value_chain-561x571.jpeg","dH3d5CvwloBB1pvox/BBjw==":"value_chain-1-561x571.jpeg","M0+7heg3n7IJyzyHlpkneQ==":"finances-5-477x304.png","ghAy132mvYUfkpfQdyxJAw==":"value_chain-2-561x571.jpeg","hWCQ0IRaXsYunXf291lG9Q==":"value_chain-3-561x571.jpeg","DCsO0WCsjR+25QQFwOZxJQ==":"okro_grid-561x562.jpg","4IF3Cpu1ffAi9cQ8RPKlrg==":"okro_grid-561x562.jpeg","tzV+URRGGUYYRClQCCvusQ==":"okro_grid-1-561x562.jpeg","HawNLPkCZLp0znaCcSZqkA==":"finances-6-477x304.png","ZwVhgEchQGlBsZZLaQSlxA==":"finances-7-477x304.png","9925cy6lW6DXO1jxav1b4A==":"finances-8-477x304.png","PnbY6ysSBMPBKANa9a6ssg==":"finances-9-477x304.png","OegM1jFd1HT6bCIv7ME32g==":"finances-10-477x304.png","pWx7e0ibNdi0dzuCbqbbkA==":"282-561x316.jpeg","PuP7tkU8Jmy/MjUU2iRcCw==":"282-1-561x316.jpeg","D0b4T+qD4OKViQ/UJu7G1w==":"farm%20management1-1800x1000.jpg","4l2z8EFI+8R2sB6z9VkeOQ==":"board-220x199.png","ffmc/YDABfz/J6wZ0NZehQ==":"sorghum_farmer-561x531.jpg","uY7g1ph3/I+OmAwMtdKlzw==":"sorghum_farmer-561x531.jpeg","4ZMkCRT5gS7cCDG2/UpNBw==":"sorghum_farmer-1-561x531.jpeg","Ms8sNqjigB2o6xygarxe9g==":"sorghum_farmer-957x906.jpeg","WckIGkuVcuJF/HjyJYIJqg==":"f2-1000x750.jpeg","+rLddrj/YZZyDCccLljlbA==":"f3-1280x960.jpeg","isxslxXpjlBYWzV+bKPrBw==":"f8-1000x750.jpeg","QydDH7jlVniHDrQG14pNDQ==":"f4-768x1024.jpg","5sTzHlNdpAitM7UNw59fWA==":"p3-768x576.jpg","ZOKc6zzMjLe7l8FvaYHLCA==":"p4-768x576.jpg","8M7j2zbnA+SDQGqlTa956g==":"p6-768x576.jpg","NEsnnclREClCxVfx7L8taA==":"p20-768x576.jpg","pp0Xj4jCpJnDar/v3lmvPQ==":"p26-768x576.jpg","IG3ZD7GaSPIcyQ8QJj9M2A==":"p55-768x576.jpg","vS+0fSOQOG2dhE8Zv44jNw==":"f4-609x812.jpeg","Mf7wsC51hI9j9ouk7AqwWw==":"f2-609x457.jpeg","HcQSXTOTqmZjuEJ/opUlQQ==":"f3-609x457.jpeg","nUM/N+Xs4Cw/NxHgHcabkg==":"f5-609x812.jpeg","OYO3FhYr4EwNTe15pAqKBA==":"f6-768x1024.jpg","yC1dRfpD6WHKkBx+ZWCwpQ==":"f6-768x1024.jpeg","TFEIziTnctZf27NYEM++xQ==":"f8-1000x750.jpg","+b7vrwKkzHQECWLWYKpmQQ==":"f8-1-1000x750.jpeg","016/qO60dth/7uC7+YdQJg==":"p1-768x1024.jpg","BhLXZPsWIOAVk/s+Mr/UbA==":"p1-768x1024.jpeg","NALqrduLivuXn+gdfKvrEA==":"p2-1024x768.jpg","0siq/fnaGtyW+KJwilklEA==":"p2-1024x768.jpeg","pXVltygCWuV4+hQLJwbvNw==":"p3-1024x768.jpg","JmP7hZG+cpaQzmjvcFXeUQ==":"p3-1024x768.jpeg","q92vIkISa9wUAFSDVnRqXg==":"p22-768x1024.jpg","jSnJUxAkmw1OGm3WYiGb0Q==":"p22-768x1024.jpeg","/BqAAJKwt9d8CG9+eNcIaA==":"p15-768x1024.jpg","kLS6sRo1ePBRIfZgk3ud+w==":"p4-609x457.jpeg","90RQHsJmMh8yTakIAbaMOA==":"p19-1024x768.jpg","NrhwvBIUxcY6TEf4CfeZsw==":"p19-1024x768.jpeg","Mj6Qe5+TaEk0PBOh+08WEQ==":"p12-768x1024.jpg","3fcV8ZXCS8ybSlVLI4R5Yg==":"p12-768x1024.jpeg","pbMVmNSFAGePzv6PSIQTBw==":"p20-1024x768.jpg","/F0H5oMBVtiz8PiU+DpQ/g==":"p20-1024x768.jpeg","Lk50u2bttEixJjHFoRT1DA==":"p47-1024x768.jpg","KLYWjdGHtmLK8NvTP//2hw==":"p47-1024x768.jpeg","lvg8T8ZtlcJo/pcfvLcAnw==":"p5-1024x768.jpg","qiwVL03wXFsIN+XqM0tRkQ==":"p5-1024x768.jpeg","ybcBfuwLBDPzITlaP/y1yA==":"p52-1024x768.jpg","vMv9a18+46sh8z2RYJpoEg==":"p52-1024x768.jpeg","5fM1f3nCjXt59Vza36q6xQ==":"p33-768x1024.jpg","/zI84fvSL+i/Z61svshIBA==":"p33-768x1024.jpeg","axrTMAjsFNdYqsqW45uy4w==":"p54-1024x768.jpg","iePzkbyzGpfMvb2DoI2JAA==":"p54-1024x768.jpeg","aKhPkahbixyktKIEG12jcQ==":"sacks-healthy-legumes-grains-2000x1339.jpeg","OObO2s2sB0/wfG1Mis+prA==":"services-453x376.png","zNVQX5WKFXTTp8o2kxOjkQ==":"mix-beans-1000x744.jpg","BsTxsxWjSEMieLpZoauopA==":"f9-736x736.jpeg","nE5ecV6PzAuvl4zJ0qkDxA==":"partner1-127x78.png","U7sF9f7Jtq35SP5G8NWBdw==":"partner2-204x58.png","WIa9edTEe+NPocvv1B6CDw==":"partner3-97x68.png","ve+HZPuG94oi3p5QI4W3rQ==":"partner1-1-127x78.png","hA3unP0Et7AT6VtmwsE7LQ==":"partner3-1-97x68.png","RhQyc4bnW0zdk5aIys7NRQ==":"partner2-1-204x58.png","2hlsqQaOXZOCDIisveUxhw==":"partner1-2-127x78.png","HlnxMT3806CDgO7jJ5yJbw==":"partner3-2-97x68.png","n7oJnJNVteWFwSm6CcttzA==":"first%20page2-1151x624.png","+Q0EhioPpefAEHDxdo9bSA==":"f4-768x1024.jpeg","vzdM/m5Yo2q2MEDu/9HA7A==":"f4-removebg-preview-433x577.png","Q32ce5dq9pvKYP5ZktlQnw==":"bg%202-1200x500.jpg","umjIDozusf2vG94QJsST0A==":"slide%20banner-1200x500.jpg","/aa2h32H7PipZehfN80wcQ==":"bg%202-1200x500.jpeg","PNBNkSBXPhTnaEzKUG5e9w==":"bg%203-1200x500.jpg","AwHfkRcIjHwnCSyzN5lh5A==":"sorghum_farmer-2-561x531.jpeg","i0xm03G4kCmICL77MSfejA==":"sorghum_farmer-3-561x531.jpeg","VNTqofQsY8FGdchI7uUkjA==":"sorghum_farmer-4-561x531.jpeg","ppXS2QYLcC7siVpq7BjLGw==":"sorghum_farmer-5-561x531.jpeg","O8RexyLXPUWJmn4qlwRiTA==":"sorghum_farmer-587x556.jpeg","1Jh803qZgzg7z9IqOWzlNQ==":"sorghum_farmer-1-587x556.jpeg","dxjCz2tAZBjOtsNfuzVG+Q==":"sorghum_farmer-2-587x556.jpeg","kj8TSOnv6x/DoAQhPicOmQ==":"woman_okro_farm-595x397.jpeg","ERw2Y6By/Vw8g66Xo6vKLQ==":"woman_okro_farm-1-595x397.jpeg","F2TxVsZHOgb8PM72hMppdA==":"282-595x335.jpeg","ZewIMn1UWagjeGD+x4tVgQ==":"282-1-595x335.jpeg","+AUdzJ/HXLkXFGYwdMIDVw==":"lettus_farmers-595x446.jpg","WGn+XOTTE+zduCtkwSqcXQ==":"lettus_farmers-595x446.jpeg","bq+bE2dnDbbiv5rlkc281A==":"lettus_farmers-1-595x446.jpeg","uowvJuTq6r+92TfPyvKUPQ==":"lettus_farmers-2-595x446.jpeg","GoL5BAXIXFemG3gg33TWww==":"director-8.jpeg","Z4js5Ym/PiZQIwzXUP44wg==":"director-696x715.jpeg","hoa6WtQyzec/3UqvpouqQA==":"director-1-696x715.jpeg","+m+WOD/Y5JkZL7V2hwpcfg==":"director-2-696x715.jpeg","/iTvOF8rbiUX6miKavq+Ew==":"hajara-2-537x465.jpeg","oCAJkxehYvrNBE4t6279Bw==":"suuk-removebg-preview%20(1)-468x533.png","Pmw7YnzzcUdFaloKaiwHMw==":"elizabeth-587x755.jpeg","+ZneytdfBhzDWyxq5RUjSw==":"sdg1-150x150.png","/Lr8k/lWQIPgfjrHth9sTQ==":"sdg1-1-150x150.png","PFqMRZ2F3Ij4okfGbkdrPA==":"sdg1-2-150x150.png","RHiXge6PplQn2m0IlLlDBg==":"sdg2-150x150.png","oUbGT7imRrOXW0jNdLQzuA==":"sdg5-150x150.png","rkyH+yGIECHCbjuoSnq0lw==":"sdg9-150x150.png","yo3cHlrQ9T5+MLzeQHg/fw==":"sdg13-150x150.png","mHORW0ykdG8H6CquiAAlBA==":"background4.jpg","fOXzA5PEcZ/lyxkQo3AX8A==":"f4-696x928.jpeg","WkxfHGOozRQf125ZowFP7g==":"f4-696x928.jpg","zmL0b0mQuyKiO0IaQeCBAA==":"f4-1-696x928.jpeg","UFrPfxXTxD8XEufxMRCRzw==":"mix-beans-696x518.jpg","tRtRqCE4iOvJaQjY2vl2Fw==":"shea%20tree-683x1024.jpeg","pFFgnZFej+xkfWt75PAz9w==":"banbara-696x392.jpg","xRxOQ7oRonAKugsutdkREg==":"rural%20agrihub%20(1)-726x408.jpg","IxwC+DsbEygB0RgPEBGPjA==":"director-600x616.jpeg","oR3RcTpqqOEMhxHNFp61lA==":"hajara-3-537x465.jpeg","MgcyR6x0nNQOGXDNztio1w==":"elizabeth-600x772.jpeg","wd3wQ28I/bF8Mi9OzBtrQQ==":"board-1-220x199.png","P/8mEmC4pJNnujxNy2W6BA==":"board-159x144.png","0VhCl7NR37kBJQVVmGbWhw==":"board-1-159x144.png","n1sP6f3YLp7cQBisppBchA==":"director-1-600x616.jpeg","K9Wb0/WOGVdfK/pL0CGvMg==":"hajara-4-537x465.jpeg","FUXA1GnsWRplyckcS5rBLg==":"elizabeth-1-600x772.jpeg","pbeMh9Hpw31ndnbsNLRIMw==":"suuk-removebg-preview%20(1)-468x533.png","HdFZcju/L5Ys+tI08OcbQQ==":"director-2-600x616.jpeg","XFE7dJo965c2ICIvAU1YTA==":"hajara-5-537x465.jpeg","1a4S8THpZFaoJ4F44n37cg==":"suuk-removebg-preview%20(1)-468x533.png","95PD1W3j02ea2z2LkWfvzg==":"elizabeth-521x670.jpeg","QDN3HkDEgw/6YRuXC4HHkw==":"director-260x267.jpg","9+Bf0XAjMl4wDIGknx9xwQ==":"hajara-242x210.jpg","zku1ddh3cgAFQhB2HJX6og==":"suuk-removebg-preview%20(1)-239x272.png","PkxH/rT5efMqKs0EXi6DBA==":"elizabeth-416x535.jpg","Vb7GgbMoe0curpGYBParsg==":"background3.jpg","oRykAiO0rUD++7AmPeEwUg==":"background1.jpg","bIeZqzyuS9AsI9g32XKmig==":"suuk-removebg-preview%20(1)-416x474.png","w7N3yx+2SNYoLIoHwn0tLA==":"elizabeth-159x205.jpg","LuQws4hMi1tVI37E2c+dew==":"photo_2022-08-11_10-41-57-1080x810.jpg","9xLm1YbzsrPqOHKruDfAyA==":"photo_2022-08-11_10-42-4-1080x810.jpg","ziOqD+FdUM+Rrppw25m4ew==":"photo_2022-08-11_10-42-10-1080x810.jpg","f86VKMHB/nTZZ8MJrljWOA==":"photo_2022-08-11_10-42-29-1080x810.jpg","ZfUekEbW+AenQrDkG6Hgyg==":"whatif-225x133.jpeg","/sEc5MsAOZmi/quNBITZUQ==":"photo_2022-08-11_10-42-4-400x300.jpg","KFZqg0OZ3aTuDKAxO//QHA==":"sorghum_farmer-600x568.jpg"}